1.0399,0.94302,-0.99272,1
1.0,-1.0,-0.99985,-1
-1.0203,0.9507,-0.96017,1
1.0021,0.99779,-0.99955,1
0.9711,0.99972,1.0104,-1
0.99961,-1.0053,-0.97572,-1
-1.0002,-1.0141,1.0,1
0.99938,1.0001,0.99996,-1
-0.99959,-1.045,1.0534,1
-1.0055,1.0394,0.99224,1
1.0089,0.9691,0.96823,-1
0.98042,0.98193,-1.0861,1
0.99402,-0.99399,1.0277,-1
1.0521,-1.0803,0.99763,-1
0.98218,1.0453,0.98512,-1
-1.0255,-1.0276,-1.0901,1
-1.068,0.98991,-0.9843,1
1.0078,1.0062,-1.0063,1
-1.0021,0.99905,-0.9298,1
1.0075,-1.0392,-1.0169,-1
1.0032,-0.99604,-1.0537,-1
-0.98021,1.0939,0.97877,1
-1.0106,0.99721,-1.026,1
0.99147,1.0033,-0.98381,1
1.0589,-1.0139,1.04,-1
-0.9726,-1.0531,0.94757,1
-1.004,-1.0496,-1.0485,1
0.99301,-1.0144,-1.0352,-1
0.99962,-0.99971,-1.0816,-1
0.99969,1.0009,0.99702,-1
0.98402,0.93781,-0.99404,1
-0.98292,1.0199,0.97898,1
-1.0186,-1.0527,0.95436,1
-1.018,-1.0146,-1.0895,1
0.99778,1.0019,-0.99006,1
-0.99788,1.0014,0.99357,1
-0.94666,-1.0043,-0.98688,1
-0.99123,-0.96748,-1.0428,1
0.99786,-1.0042,1.0125,-1
-0.98522,1.0845,1.0319,1
0.98913,0.99569,1.0605,-1
0.99847,-1.0332,-0.92258,-1
1.0008,0.9973,0.94877,-1
1.0086,-1.0047,1.04,-1
1.0013,0.9995,0.98269,-1
1.0003,-0.99137,1.0018,-1
-0.94732,1.0077,0.9804,1
-1.0089,-0.96908,-0.93053,1
1.0149,1.0023,-0.9119,1
1.0002,1.0004,-1.0677,1
1.0228,-0.99827,-1.0238,-1
-1.0134,0.99865,0.98682,1
0.98922,1.0176,-1.0587,1
1.0095,-0.99771,0.99363,-1
-1.0017,1.0039,-0.99754,1
-0.99604,-0.95361,0.97005,1
1.014,0.99113,0.97791,-1
0.97154,-0.97259,0.97136,-1
-1.0739,-1.0117,-0.96857,1
-0.99984,1.0003,-1.0003,1
-1.0424,-0.96957,-1.0453,1
-0.97839,-0.98298,-1.0352,1
-0.9947,0.99284,1.0328,1
-1.0049,1.0024,0.9912,1
-0.95234,-0.9137,1.0147,1
-1.0205,-0.91217,-0.97976,1
1.0722,-1.0063,-0.99676,-1
1.0112,1.0019,-1.0014,1
0.96522,0.98829,-1.0396,1
-1.0186,1.0178,0.91138,1
-1.0082,-0.99893,-1.0044,1
-1.0108,0.99867,1.0556,1
-0.99204,1.0681,0.95079,1
0.99086,0.99142,1.0211,-1
-1.0286,0.96237,0.98585,1
-1.0275,0.98715,-1.0005,1
0.97796,0.98459,-1.0897,1
0.98942,1.0413,-1.0073,1
1.0014,-1.0002,0.98688,-1
0.95294,-1.0523,1.0017,-1
1.0412,-1.0629,-1.0572,-1
-0.91695,-1.0162,-1.0258,1
-0.96484,-1.0369,0.9221,1
-1.0156,-1.0222,1.0937,1
1.0032,-0.99492,-0.90654,-1
1.0184,-1.0228,-1.0512,-1
-0.97772,1.0232,-1.0673,1
-1.0095,0.9932,1.001,1
0.99871,-0.99494,1.034,-1
-0.99732,-0.99628,-1.079,1
-0.99713,0.98241,-0.9963,1
1.025,0.98446,-0.99195,1
1.0652,1.0406,-1.0628,1
-0.99438,1.0013,-1.05,1
-0.99111,-0.95664,-1.0439,1
0.97115,-0.97898,-1.054,-1
-1.015,-0.96223,0.91458,1
1.0038,-0.95134,0.9171,-1
0.9597,-1.0387,-0.94711,-1
1.0561,0.99248,-0.9526,1
-1.0273,-0.98543,-0.92816,1
-1.0059,1.0809,0.94936,1
-0.99081,0.90573,1.0116,1
-0.98293,-1.0175,1.0324,1
0.97987,-0.99369,1.0048,-1
0.97656,0.98965,-0.97957,1
0.96432,-1.0789,1.0415,-1
-1.0086,-1.0176,-1.0162,1
0.96337,-1.0195,0.94852,-1
-0.96518,-1.0078,1.0246,1
-0.96647,-0.97471,-1.0793,1
0.99921,-1.0173,0.99995,-1
1.0064,-1.0004,-0.97841,-1
1.0169,1.0002,-1.0063,1
1.0027,-0.99991,-1.0083,-1
0.99679,0.99166,-1.0588,1
-0.98981,-1.0025,1.0104,1
-1.0028,1.02,0.98169,1
1.0162,1.001,-1.0539,1
-0.99424,-1.0015,-0.92682,1
-0.96356,1.0033,1.0064,1
-1.0109,-0.98708,-0.93559,1
1.0166,1.015,0.98582,-1
-1.0245,1.0521,-1.0567,1
0.99766,-0.98605,-1.0382,-1
-1.0006,1.0013,-1.0002,1
0.98032,1.0069,-0.95794,1
1.0355,1.081,0.96113,-1
-1.0028,-1.006,1.0717,1
-0.92894,0.97239,0.99766,1
0.98936,0.97727,-0.97884,1
1.0,-0.99982,0.99997,-1
-1.004,1.0105,0.97127,1
-0.92629,-1.0066,-0.96852,1
0.99163,0.99698,1.0171,-1
-0.97253,0.96209,-1.0001,1
0.92963,0.99102,0.95346,-1
1.0078,0.98997,0.98637,-1
1.0284,1.0033,-0.92672,1
1.0205,-1.0659,1.045,-1
-0.98978,-1.0487,-1.0192,1
1.0288,0.97561,0.94792,-1
0.98423,-0.9851,-1.0737,-1
-1.0088,-0.98594,0.99639,1
0.99484,-1.0195,1.0689,-1
1.0246,1.0669,0.96552,-1
0.9723,1.0321,-0.94941,1
-1.0503,0.97034,1.0042,1
0.98987,1.0504,0.98333,-1
1.006,1.0137,0.99838,-1
1.0154,-0.99607,-1.0397,-1
1.0065,-0.98907,-0.99217,-1
0.94994,1.0655,0.98631,-1
-0.91747,-1.0033,-0.98787,1
1.0319,-1.0275,-1.0054,-1
-1.001,0.99617,-0.99321,1
0.99681,-1.0032,1.0033,-1
-1.0419,0.96667,1.0208,1
-1.0069,-0.96,-1.0717,1
1.0146,-1.006,-1.0938,-1
1.002,-0.99949,0.97571,-1
-0.96282,-1.0043,1.0087,1
1.0192,-0.99546,0.99021,-1
-1.0018,-0.99877,0.99525,1
-1.0003,-1.0179,-1.0399,1
0.99869,0.98007,-1.0006,1
0.99173,1.0215,-0.9538,1
1.0049,-0.96865,-1.0668,-1
-0.99982,-1.0003,-0.9852,1
1.0227,-0.95461,1.0158,-1
1.0402,0.98217,1.0309,-1
0.99699,0.99901,0.97814,-1
-0.98551,0.99654,0.97134,1
-0.97378,-1.0152,-0.98699,1
0.9561,1.0017,1.0691,-1
1.0064,1.0023,-1.0136,1
0.98949,1.046,-1.0361,1
0.99479,0.98317,1.0328,-1
0.97291,-0.94484,-0.96391,-1
1.0406,-0.97277,0.92618,-1
-0.91004,0.97913,-0.96606,1
0.90431,0.98625,0.98054,-1
-0.99934,0.9998,1.0008,1
-1.0815,1.0427,-1.039,1
-1.0431,-0.93978,-0.99103,1
0.99301,1.0211,-1.0515,1
-1.016,0.98527,-0.995,1
-1.0713,-0.97127,0.94015,1
0.99975,1.0022,-1.0105,1
0.99436,-1.0245,-1.0429,-1
1.0197,-0.92361,-1.0127,-1
0.98667,0.95075,-1.0108,1
-0.94592,1.0579,-0.99851,1
-1.012,1.0551,-1.0706,1
1.0107,1.0491,0.93897,-1
0.99656,1.0049,-1.0123,1
-1.0053,1.0017,1.0374,1
1.0314,-0.98063,1.0451,-1
0.94623,1.0496,-0.9965,1
1.0587,-0.99083,1.058,-1
-1.002,1.0031,1.0023,1
-1.0045,-0.97391,-1.0197,1
0.98333,-1.0165,0.90299,-1
0.99532,0.99527,-1.0606,1
1.0083,-0.99736,-0.96003,-1
0.99604,-1.0029,-0.96496,-1
-0.9977,0.99975,1.0095,1
1.0001,-0.9994,0.99715,-1
-0.99968,-0.97868,-1.0459,1
-1.0546,1.0212,1.0235,1
0.99421,-0.99692,-0.97866,-1
-1.0021,-1.001,-0.99117,1
1.0019,-1.0208,-1.0054,-1
0.98803,0.97606,-1.049,1
0.95544,1.001,0.93116,-1
-1.0172,0.97932,0.98588,1
-0.9729,1.0062,0.95051,1
0.99998,1.0039,-1.0496,1
-0.98998,-1.0234,1.0082,1
0.99781,-1.0004,1.037,-1
-1.0501,1.0085,-1.0806,1
0.99981,-1.0001,1.0006,-1
-1.0249,-0.97759,0.9613,1
-0.99629,-1.0023,1.018,1
-0.95574,1.0118,-1.065,1
0.99542,-1.0177,-0.95157,-1
0.99598,1.0182,1.0158,-1
-1.0382,1.029,1.0691,1
-1.0023,1.0064,1.0084,1
-0.9997,1.0002,-0.99722,1
-0.99525,-1.0008,1.0387,1
0.99801,-1.0191,0.95124,-1
-0.9863,0.98988,0.97275,1
-0.97232,1.0216,-0.92022,1
0.93396,-1.0195,0.98298,-1
-1.0181,-0.99636,-1.0602,1
1.0171,0.97911,-0.91879,1
1.0003,-1.0002,1.0029,-1
-0.9999,-0.99836,-0.99763,1
-1.0033,0.98644,1.0028,1
-1.0182,-1.0496,-1.0392,1
-0.98649,1.0416,0.91519,1
-0.95985,1.0204,-1.0378,1
0.97784,-1.0157,0.90743,-1
-1.0027,-0.99962,-0.99429,1
0.95987,-1.0042,0.94226,-1
0.96656,0.95509,1.0233,-1
-0.98804,-0.9528,0.91525,1
1.0025,0.94086,1.0375,-1
-0.97941,-0.97725,0.97648,1
0.97635,-0.97907,-0.99035,-1
1.0006,-0.99968,1.0013,-1
-1.04,-0.96321,-1.0486,1
-1.012,1.0044,-0.9611,1
-1.0034,0.98732,1.0279,1
1.0058,1.0479,0.98077,-1
0.96527,-0.95381,-1.0225,-1
-1.013,-1.0266,1.017,1
1.0168,-0.97905,-1.0698,-1
1.0078,0.97071,0.98265,-1
0.98696,1.0463,-0.95267,1
-1.0029,-1.001,0.97288,1
-1.0125,0.9834,1.0203,1
-0.98264,1.0347,-0.95891,1
1.0001,-1.0,-0.99833,-1
-0.95624,-0.98008,0.95925,1
0.96374,1.0663,1.0206,-1
1.0218,0.95353,0.9903,-1
0.93182,1.0135,0.98052,-1
-1.0022,0.9935,1.0375,1
0.99578,-0.997,1.0079,-1
-0.99368,1.0742,0.96054,1
0.95318,0.95237,0.9928,-1
-1.0153,-1.023,0.97653,1
1.0482,1.0455,0.9593,-1
-1.001,-0.9985,1.0004,1
-1.0008,-1.0007,-0.99991,1
-0.91376,-0.98186,-1.0398,1
-0.9522,-1.0072,-0.93124,1
0.99551,-0.98253,1.0826,-1
-1.017,0.9672,1.0196,1
1.0264,0.95232,-0.97639,1
0.99986,-0.99113,-0.9657,-1
-1.047,0.98545,-1.0162,1
0.98104,0.99334,1.0189,-1
-1.0222,-1.0114,0.95628,1
-1.0309,-1.001,-1.0212,1
-1.0626,-1.0043,1.0308,1
-1.0039,1.0109,-0.9852,1
0.99869,-0.99483,0.98883,-1
1.0203,1.0243,1.0278,-1
0.91758,-1.0222,1.0298,-1
-0.99999,-0.99993,-1.005,1
-1.0175,-1.0519,1.0329,1
-0.95611,0.98567,-0.96802,1
-0.98365,0.97676,1.0052,1
0.91328,1.0331,1.0142,-1
0.96343,-0.97184,-1.0818,-1
1.0031,-1.0299,1.0393,-1
-1.0634,1.0168,0.98085,1
-1.0036,-1.0079,-0.99555,1
-0.95292,0.92828,-0.98905,1
0.95693,-1.0243,-0.9502,-1
-1.0068,1.038,1.0197,1
1.0131,-1.0351,1.0336,-1
-1.0337,0.95734,1.0707,1
-1.006,1.0939,1.0237,1
-0.92888,0.98515,0.93779,1
0.99606,0.99865,-0.9788,1
-1.0256,0.94993,-1.0522,1
0.94512,0.94968,-0.978,1
-1.03,1.0076,1.0509,1
-1.0327,-1.0221,1.0742,1
1.0427,-1.0371,-0.99875,-1
0.99529,-1.0192,-0.96734,-1
1.0,0.99998,1.0053,-1
-0.99756,1.0002,0.90585,1
0.9895,0.97728,-1.0286,1
1.0256,-1.0295,-0.98557,-1
-0.9575,-0.97444,0.98883,1
-1.0706,-1.0146,1.0251,1
-1.0117,-0.97846,-1.084,1
-1.0514,-1.0213,-0.99557,1
-0.99594,-0.98555,-0.97271,1
1.0437,1.0558,-1.0644,1
1.018,1.0275,0.97261,-1
-0.99021,-0.98621,0.95981,1
0.9553,-1.0177,-1.0357,-1
-1.0411,-1.0059,1.013,1
1.001,-0.99724,0.99929,-1
-0.99985,1.0179,0.99721,1
1.0013,-1.0,-0.99427,-1
-1.0354,-1.0611,-0.99977,1
-0.99397,1.0042,0.99573,1
0.97339,1.0072,-0.91674,1
1.038,-0.98292,0.98698,-1
-0.95775,-1.0016,-0.95424,1
-0.99805,-1.0017,0.92052,1
1.0052,-1.0059,-0.98856,-1
1.0332,-1.0005,0.91647,-1
-1.0001,0.95045,0.91526,1
-1.0028,-0.98891,0.92639,1
-0.97157,-0.94696,0.95409,1
-1.0481,-0.96021,-1.0507,1
-0.96974,-0.99015,-1.0266,1
-0.97969,-0.92163,-1.0469,1
-0.99501,-1.0593,1.032,1
-0.92994,0.93925,1.0125,1
-1.0079,-0.9958,-1.0491,1
-1.0076,1.0348,1.0796,1
0.9907,1.0567,-0.92845,1
-1.0212,-1.0363,0.95798,1
0.99173,-0.99908,-0.98863,-1
1.0023,1.0007,-0.97835,1
-1.0013,0.93322,-0.96298,1
0.9821,-0.99367,1.0768,-1
-0.98591,-1.0062,-0.96627,1
-0.99204,1.0061,1.0142,1
0.99355,1.0097,1.0066,-1
-0.99198,1.0009,-1.0141,1
0.9892,-0.99082,1.0084,-1
-1.0197,1.0579,1.0469,1
-1.0118,0.97294,-0.97981,1
0.99928,-0.99977,0.93707,-1
1.0077,0.9855,1.0045,-1
-1.0028,0.99067,1.0051,1
0.975,-1.0865,-1.0043,-1
1.0456,0.97789,1.0437,-1
1.0164,1.0283,1.0504,-1
-0.99636,1.0019,0.98887,1
1.0133,1.0211,0.97943,-1
-1.0109,-1.025,1.0709,1
-1.0359,-0.98801,-1.0375,1
0.95973,1.009,0.97454,-1
0.96641,-1.0194,0.97443,-1
1.0062,1.0144,0.93355,-1
0.9634,1.0192,1.0559,-1
-1.0019,0.99636,-1.0034,1
0.99905,0.9995,0.95719,-1
-0.99052,-1.0155,1.0099,1
0.99264,-0.98187,-0.99714,-1
-1.0158,1.0245,-1.044,1
-1.0025,-1.0076,-1.0519,1
1.059,0.99768,-0.98773,1
-0.99208,1.0028,-1.0036,1
-1.0014,0.99805,-1.0067,1
1.0,-1.0016,-0.93087,-1
-0.92196,1.0558,0.97867,1
-1.0199,-1.0183,0.93907,1
-1.0398,0.92598,-1.0122,1
1.0043,-0.99706,-0.99502,-1
0.97745,-0.94829,-0.95624,-1
-0.99905,-0.9965,-1.0141,1
0.9955,0.99939,-0.97649,1
-0.96553,-1.0318,-1.0001,1
-1.0177,0.9583,-0.96726,1
0.92549,-0.98235,1.0608,-1
1.0106,0.99512,1.0885,-1
1.0347,1.0205,1.0617,-1
0.96145,1.0102,1.0535,-1
-1.0279,1.0212,-1.023,1
-0.99045,0.96444,-0.9695,1
1.0159,0.99224,-1.0449,1
-1.0171,-0.98533,0.99949,1
-0.99629,-0.998,1.0057,1
-1.007,1.0008,-0.95419,1
0.98875,-0.96027,1.039,-1
1.0585,-0.99484,1.0277,-1
-0.99014,1.04,-1.0315,1
1.0074,1.02,0.94837,-1
1.0101,-0.98441,-1.0045,-1
1.0354,0.99557,0.95754,-1
1.0544,-1.0057,-0.97352,-1
1.0,-1.0,-1.0013,-1
0.98685,-0.98916,0.92345,-1
1.0802,-1.0188,1.0365,-1
-1.0056,0.98934,0.91874,1
1.0051,0.99561,-0.97134,1
-0.975,1.0217,-0.94663,1
-0.99101,0.99388,0.97581,1
-0.99782,0.99697,1.0149,1
-0.99659,-0.99548,-1.0172,1
0.98821,0.9971,-1.0116,1
1.0135,0.92375,-0.96849,1
0.98948,-0.99691,-0.96221,-1
1.0003,0.98868,1.0228,-1
-0.99094,-1.0247,-1.0917,1
0.9929,-0.95551,-0.93016,-1
-1.0012,-0.99584,1.0019,1
1.0496,1.0302,1.0186,-1
0.99679,0.99468,-1.0171,1
-1.0236,1.0082,-1.0185,1
0.95367,-1.0189,1.0672,-1
-1.0421,-1.0541,-0.94884,1
-0.99814,-1.014,1.0089,1
1.0039,-0.99864,-0.92982,-1
-0.99973,1.0003,0.99801,1
0.95074,1.0337,1.0159,-1
0.97095,1.0391,-0.95364,1
0.97582,1.0041,1.0509,-1
-0.9995,1.0075,-1.014,1
-0.99814,-0.99611,-0.99696,1
1.0066,1.0035,1.0623,-1
0.99645,-1.0148,-0.99141,-1
1.0305,-1.0255,-1.0241,-1
-1.0169,0.98758,-1.0332,1
-1.0534,1.0123,1.0406,1
-0.99861,-1.0009,-1.0119,1
1.0208,-1.0972,1.0107,-1
1.0488,-0.92992,0.99856,-1
0.91399,0.99987,-0.98354,1
-0.98334,0.97007,1.051,1
-1.0245,-0.99773,1.0024,1
-0.98333,1.0104,0.98045,1
-1.0081,-1.0484,-1.0689,1
-0.99269,-1.0068,-0.99733,1
1.0712,0.98297,0.94414,-1
-0.97451,-1.0354,0.9914,1
1.0216,1.0595,0.93392,-1
-1.0045,0.99,0.96348,1
-0.99372,0.95836,-1.0414,1
-0.92902,0.99048,-0.98206,1
-1.0013,0.98505,0.98308,1
0.99533,-0.98556,0.97955,-1
-1.0663,-1.0405,0.95939,1
0.97959,-1.0045,0.99009,-1
-1.0459,-1.0189,1.0481,1
0.99974,0.98266,-0.99537,1
1.0124,1.0203,0.99095,-1
-0.99993,-0.97104,1.0159,1
-0.9613,-1.0274,-1.0437,1
0.97988,-1.0821,-0.99536,-1
0.99491,-1.0019,-1.0001,-1
-1.0255,-1.0074,-0.99954,1
-0.98005,1.0144,0.99097,1
1.0057,1.0032,1.0836,-1
0.98338,0.98983,1.0491,-1
-0.97761,0.98851,0.94201,1
-1.0345,1.0161,0.92607,1
0.98611,-0.99181,-0.99526,-1
0.99949,-0.99975,0.9963,-1
0.93898,1.0234,-0.98396,1
1.0623,1.037,-0.97546,1
0.93159,-0.95649,0.99676,-1
0.98449,-1.0728,1.0474,-1
-1.0071,-0.98241,1.0221,1
1.0006,1.0018,0.99167,-1
-1.0335,0.94231,0.97951,1
0.96865,1.0258,-0.97546,1
-1.0203,1.0235,0.97262,1
-1.017,-1.0002,1.0819,1
1.0369,0.92938,-0.97125,1
1.0028,-0.99047,1.0173,-1
0.99883,-0.99892,0.99653,-1
-0.98478,-1.012,-1.0045,1
0.99806,-1.0062,0.95365,-1
1.0152,0.97554,-0.96323,1
-0.97413,0.97443,0.98321,1
0.99146,-1.0152,1.0074,-1
1.0167,-1.0134,1.0006,-1
-0.95168,-1.0037,0.91786,1
-1.0003,-0.99979,0.9529,1
1.0491,1.0437,0.96996,-1
0.99967,0.99906,-1.0001,1
0.99943,1.0569,-1.0151,1
1.0358,0.9864,-0.99539,1
-0.98957,-0.99764,-0.98214,1
-1.0068,1.0164,1.0063,1
-0.99973,0.99828,0.99911,1
-0.95051,1.0471,0.99106,1
1.0301,-0.98906,-0.9612,-1
-1.0003,-1.0001,-1.0008,1
0.98873,-1.0324,-1.0361,-1
1.0102,-0.99309,-0.97933,-1
-0.94866,-1.0221,-0.97266,1
0.99989,1.0001,1.0007,-1
1.0363,1.0081,-0.97095,1
1.0024,-0.99986,-0.95739,-1
0.99845,-0.99674,-1.0931,-1
-0.94707,-0.93624,0.95946,1
-1.0066,-1.0685,-0.95333,1
-1.0095,-0.99118,-0.9756,1
1.0008,-0.97351,-0.91024,-1
0.99138,-0.9219,-0.98976,-1
1.013,-0.98924,0.94601,-1
-1.0254,0.99531,-1.0335,1
-0.9988,-1.0024,-1.0057,1
-0.99836,-1.0002,1.0011,1
-1.0435,-1.0636,1.0298,1
-0.98118,-0.98392,-1.0625,1
1.0094,1.0112,-0.98321,1
-0.97991,-0.9917,0.97704,1
-1.0036,0.99048,0.93523,1
-1.013,1.0097,0.96045,1
0.99745,0.99737,0.98165,-1
0.98136,0.98453,-1.0466,1
-0.9986,0.99792,-1.0005,1
-0.9677,1.0169,-0.912,1
-1.0247,-1.0169,-0.95092,1
-0.96883,0.96521,1.0547,1
0.99359,-1.0033,-0.99884,-1
-0.99921,-0.99963,0.99285,1
-0.99966,-0.99727,-1.0415,1
-0.97219,-0.9418,1.0259,1
-0.99987,1.0251,1.0839,1
-0.97063,-0.99169,0.99028,1
0.99696,-0.91566,-1.0241,-1
0.94802,0.95015,-0.96998,1
-1.0015,-0.97974,-0.9848,1
-0.97227,-1.0505,1.0153,1
-0.93984,-0.96039,0.99411,1
1.0147,1.0439,1.0434,-1
1.02,-1.0238,-1.0027,-1
1.0075,-1.0188,1.007,-1
1.0002,0.99949,1.0001,-1
-1.001,1.0001,1.0005,1
0.99978,1.0413,-0.94896,1
-1.0016,-0.99793,-1.0019,1
0.99961,0.99885,0.99967,-1
0.98891,-1.0047,-1.0205,-1
0.97626,0.96219,-0.97153,1
0.99438,0.96958,-1.0793,1
-0.96864,0.97752,-1.0609,1
0.97572,0.98127,1.0038,-1
1.0038,-1.0319,-1.01,-1
-1.0021,-1.0038,0.95462,1
-1.0015,1.0061,0.99569,1
1.0049,-0.99967,0.90282,-1
0.98879,-0.98771,1.0543,-1
-1.0253,-1.0274,-0.95507,1
-0.95766,-0.97324,-1.0608,1
0.96208,-1.0424,-1.0175,-1
-1.0459,-1.0728,-0.96468,1
-1.0012,1.0053,1.0408,1
1.0116,0.97404,0.96266,-1
0.95117,0.97552,-0.98152,1
-1.0303,-0.98618,-1.036,1
-1.0189,-0.99374,1.0088,1
-1.0674,0.93647,0.98505,1
1.031,-1.0389,0.96359,-1
-0.99861,-1.0097,-0.96811,1
-1.0228,-0.98431,-1.0557,1
1.0534,-0.98472,1.0315,-1
-1.027,-1.0303,-1.0548,1
0.94919,0.99916,0.95091,-1
0.99875,-0.99561,-1.0102,-1
1.0626,1.0278,0.96476,-1
0.99368,-1.014,-0.99662,-1
-0.97472,-1.0321,-1.0345,1
0.93613,0.98946,-1.0379,1
-1.0236,-0.96145,0.97538,1
0.99983,0.99958,0.90042,-1
-0.99999,1.0008,-1.0074,1
1.0334,0.99753,-0.99515,1
1.0287,1.0045,1.0261,-1
-1.0049,-0.99487,0.9977,1
-1.0679,-0.99041,-0.94894,1
0.97125,1.0089,-1.0226,1
1.0013,1.0214,-0.99993,1
-0.9043,0.98614,-1.0076,1
1.026,0.90498,0.99839,-1
-1.0496,0.96517,1.0493,1
1.0012,1.0021,-1.0057,1
-1.0643,0.99964,-0.97199,1
-1.0086,0.97776,-0.99455,1
0.98182,1.0065,-1.0467,1
1.0091,-1.0127,1.0097,-1
0.98118,-0.96523,0.99211,-1
-1.019,-1.0039,-0.98397,1
0.99056,-1.0007,1.014,-1
0.99877,-0.99826,1.0067,-1
1.017,0.97326,0.97254,-1
-0.96695,1.0601,-1.0047,1
-0.99292,-1.0091,1.0,1
-1.0156,-0.99234,1.0185,1
-1.0114,-1.0003,-0.98372,1
-0.99692,0.99758,-1.0015,1
1.0062,1.0508,-1.0753,1
-0.98422,-0.964,1.0693,1
-0.99201,1.0002,-1.0488,1
-0.98638,0.98342,1.0759,1
0.99997,-1.0292,1.0428,-1
-1.0194,1.0386,1.043,1
1.0148,1.0115,-1.0126,1
0.98256,-1.0252,-1.0762,-1
1.0832,1.0291,-0.97902,1
-1.0031,-1.0053,0.9876,1
-0.94837,0.96592,0.98625,1
1.002,-0.9955,1.0261,-1
-0.96963,-0.99135,-0.94322,1
0.98664,1.0026,0.99551,-1
0.98243,0.99972,-1.0706,1
-1.0367,0.9274,0.98404,1
-1.056,-1.0249,1.0058,1
-1.0044,-0.99953,-0.95057,1
-0.99986,0.96143,1.073,1
0.94719,-1.0208,-1.0379,-1
-1.0245,-0.97993,0.97947,1
1.0059,-1.0018,0.99833,-1
1.0047,-1.0136,-0.92989,-1
-1.0004,1.0013,-0.96468,1
1.0602,-0.98439,-1.014,-1
0.96258,1.0456,-1.0713,1
-0.99343,1.0034,-1.0251,1
1.0691,-0.93841,0.97292,-1
1.018,-1.0215,1.0014,-1
1.0833,1.0142,0.99045,-1
0.91295,1.0203,1.041,-1
1.0284,0.98168,-1.0124,1
-1.0674,-1.0267,-1.009,1
1.0106,0.99916,1.0077,-1
0.93655,0.94665,0.98441,-1
0.9985,1.0029,0.99803,-1
0.9706,-0.99363,-1.0124,-1
0.97515,0.97617,-0.91992,1
-0.98839,0.99616,1.0092,1
-0.99933,-0.99967,-1.0054,1
-0.98746,0.99323,-0.93655,1
-1.0043,0.99333,1.0491,1
1.0375,-0.98435,-1.0488,-1
-0.97079,-1.0242,0.98136,1
-0.92907,-0.95205,-0.97227,1
1.0203,-0.98767,1.0174,-1
1.0415,1.0747,1.0155,-1
-1.0002,-0.99512,-0.97391,1
0.97863,0.99233,0.98415,-1
-0.99911,0.99987,1.002,1
1.0045,1.0345,0.9609,-1
0.96347,0.95029,0.92154,-1
1.0536,0.99408,0.95,-1
-1.0066,-0.97569,-0.96636,1
-0.94199,1.0144,-0.93723,1
-1.0607,-0.95266,0.98574,1
0.96633,0.96589,0.94903,-1
0.98094,-1.0082,0.9161,-1
-0.99693,-1.0288,-1.0688,1
-0.99899,-1.0702,-0.99265,1
1.0334,1.0191,-0.90992,1
-0.95944,0.94869,0.94946,1
-0.99139,0.99424,-1.0362,1
-0.9681,-0.97539,-0.99905,1
1.0493,1.0115,-0.99051,1
0.98051,1.0564,-1.0119,1
1.0161,-0.99695,-0.93279,-1
-1.0094,-0.98547,-0.92338,1
1.0082,-0.99981,-0.93903,-1
0.98924,1.0258,-0.96676,1
1.0536,1.0402,1.056,-1
0.99897,1.0033,-1.0068,1
-1.0389,-0.98953,-1.0309,1
0.99033,0.96173,-1.0515,1
0.9728,1.0094,1.0432,-1
0.96275,0.98036,-0.93572,1
0.99949,-1.0007,-0.91839,-1
-1.0074,-1.0352,-0.95152,1
-0.9837,0.97348,0.99448,1
-1.0662,-1.0095,-0.96452,1
-1.028,-0.99237,1.0493,1
-0.96792,-0.96783,-0.9151,1
-1.003,-1.0018,-1.0065,1
-0.96931,1.0151,1.0123,1
1.0025,-0.98796,1.0003,-1
1.0493,-1.0045,-1.0077,-1
0.96782,0.98227,0.98116,-1
1.0008,-0.99935,-1.0416,-1
0.99831,1.0018,0.99576,-1
-1.0363,1.0169,0.95421,1
1.0016,-1.0003,-0.9997,-1
-1.0059,-0.99818,1.0625,1
1.0422,1.0142,1.015,-1
-1.0344,0.95039,-1.0714,1
-1.02,-1.02,-1.0354,1
-1.0037,-0.99495,-0.98967,1
-0.99071,-0.99959,0.96015,1
-1.0,1.0045,1.0182,1
0.99725,-1.008,-1.0622,-1
-1.0023,-0.99894,-1.008,1
-1.0012,0.99369,0.9881,1
-0.94944,-0.99813,0.92544,1
0.99657,1.0012,1.0155,-1
1.0454,-0.93492,0.98814,-1
-1.0011,0.99852,-1.0071,1
0.9542,-0.98484,0.92686,-1
1.0035,0.93068,0.9686,-1
1.0056,1.0256,1.0128,-1
-0.96359,0.9956,-1.0289,1
-0.9654,1.0361,-1.0381,1
1.0001,0.99977,-1.0003,1
0.98933,1.0141,1.0855,-1
0.99691,-1.0069,-1.085,-1
0.99927,0.99725,1.0164,-1
-1.004,0.96163,1.041,1
-0.98497,0.99019,-1.0036,1
-0.97733,1.0068,-0.98744,1
1.0337,-0.94367,-1.0742,-1
-0.97967,0.97595,-1.0292,1
-1.0044,-1.0033,-1.0065,1
1.0004,-1.0016,1.0784,-1
1.037,-0.97727,-0.98378,-1
-0.99827,0.91814,0.97926,1
0.98593,-1.0076,0.9803,-1
-0.99994,0.99948,1.005,1
-1.0469,0.95915,-0.97528,1
-1.0174,0.94068,-1.0124,1
-0.98031,0.99112,-0.93996,1
0.99924,1.007,-1.0002,1
0.99812,1.0068,-0.99963,1
1.037,0.997,-1.0495,1
0.98281,-1.0006,-1.0247,-1
-0.98423,-1.0054,0.99245,1
-0.9725,0.97698,0.92492,1
1.0006,-0.99975,0.9962,-1
1.0024,-1.0381,-0.99353,-1
-0.99899,-0.9632,0.96654,1
-0.98371,-1.008,0.91556,1
1.0013,-1.0096,-0.99228,-1
1.0168,0.99968,0.95091,-1
0.99739,1.0229,1.0391,-1
1.0077,0.99199,-1.0097,1
-1.0288,-1.0351,1.0564,1
-0.96761,1.0701,0.98702,1
1.0207,0.95608,-1.0257,1
1.0191,0.98183,1.0234,-1
-0.99707,-1.0393,1.0043,1
-1.0014,-0.99344,0.99671,1
1.0445,-0.99185,-1.0015,-1
-1.0042,0.97905,0.99182,1
0.97035,1.0037,1.0149,-1
-0.99967,-0.99502,-0.90843,1
0.99449,1.0622,1.0429,-1
1.0011,0.99854,1.0476,-1
-1.0101,-1.0015,0.99293,1
0.98793,1.0395,1.0644,-1
0.99782,-1.0183,0.91351,-1
-1.0022,0.98874,1.0264,1
-0.9341,-1.0227,1.0268,1
-0.97292,1.0085,1.0001,1
-0.92413,1.0202,0.95954,1
-0.99288,-0.98383,-0.98942,1
1.0009,-1.0045,0.99258,-1
1.012,-0.99724,0.93425,-1
-1.0075,-1.0026,1.0547,1
0.98544,1.0093,-0.96444,1
1.0044,-1.0337,-1.0087,-1
-0.92562,-0.98872,0.99122,1
-1.0448,-0.93696,-1.0278,1
-1.0182,-0.9903,1.0028,1
1.0035,1.0006,0.99989,-1
-1.0148,1.0374,-1.0388,1
-1.0087,0.98537,-1.0731,1
0.9737,-1.0075,1.0265,-1
-0.99963,0.99756,-0.98516,1
-0.97721,0.98399,-1.003,1
-1.0237,-0.99104,0.97827,1
0.95763,-1.0244,-0.92881,-1
1.0,1.0102,1.0367,-1
-1.001,-1.0017,-0.91453,1
0.97153,1.022,0.94828,-1
0.99557,-0.99352,1.029,-1
-0.98771,1.0062,-0.99643,1
0.99601,-1.008,-0.99627,-1
0.98858,-1.007,-1.0866,-1
0.99928,1.0012,-1.0765,1
0.91115,0.97684,0.99638,-1
0.94837,-1.0184,-0.97369,-1
1.0038,-1.0034,-0.91078,-1
-0.99443,1.0391,-1.0199,1
0.99606,-1.0785,-1.0568,-1
-0.99507,0.99478,1.01,1
0.9822,-1.0397,0.98883,-1
-0.99936,1.0145,1.0104,1
-0.99464,1.049,1.0589,1
-1.0213,0.95249,0.95056,1
1.0087,-1.0059,-1.0034,-1
-0.97147,0.96794,0.9322,1
-1.0316,-1.081,1.0102,1
-1.0457,-0.99654,1.0005,1
1.0278,0.99259,0.99209,-1
-1.0064,-0.97109,-0.97243,1
1.0116,0.98493,0.96512,-1
1.0612,-1.0518,1.0251,-1
-1.025,-1.0005,-0.99235,1
-0.99944,-0.99933,0.9736,1
1.0014,0.99748,-1.0055,1
0.9544,0.93799,-0.95885,1
1.0115,-0.94832,-1.013,-1
-1.0328,-1.0045,1.043,1
1.0427,-0.99563,-1.0057,-1
-1.0199,-1.0147,0.99713,1
0.99093,-1.0027,1.0159,-1
1.0104,-1.0321,1.0469,-1
-1.0029,-0.99829,-1.0662,1
0.98297,1.016,-0.99322,1
1.0793,-1.0198,0.95458,-1
-1.0372,-0.93879,1.0149,1
0.98627,-0.9958,1.0153,-1
-1.0643,0.9877,0.92699,1
0.99046,1.0055,-0.977,1
1.0004,1.002,-0.97134,1
0.98966,-1.0044,-0.90902,-1
0.93757,0.97278,1.0104,-1
-0.99402,-1.0007,-0.98767,1
0.94,0.96776,-0.98891,1
0.9238,-1.0335,0.95985,-1
-1.0017,-1.0043,-1.004,1
0.99925,-0.99813,0.99873,-1
0.9876,-0.97494,1.0595,-1
0.99996,1.008,-1.0066,1
1.0094,1.0047,1.0454,-1
-0.97113,0.99234,0.94064,1
1.0208,1.0157,-0.909,1
1.0043,0.99803,0.9249,-1
1.0451,-1.0055,1.0048,-1
0.95938,-1.0613,0.97226,-1
1.0042,-1.0046,0.98392,-1
0.99037,1.0016,0.96175,-1
0.99296,-0.98847,0.97025,-1
-1.0005,0.9987,1.0069,1
-0.9952,-0.98411,1.0141,1
0.99466,-0.96987,1.0813,-1
0.95776,0.98912,-1.0273,1
0.99812,-1.001,-0.99277,-1
0.99949,-1.0043,-0.95007,-1
0.99618,0.99894,1.0071,-1
-0.93719,-0.95315,-1.0082,1
-0.98148,-1.0249,-1.037,1
1.0086,1.0023,1.0447,-1
-0.99232,-1.0107,0.97448,1
-1.0344,-1.0099,-0.90948,1
-1.0004,-1.0889,1.0352,1
1.009,-1.0109,-1.0288,-1
-0.93582,-0.96949,1.0391,1
1.08,-0.96983,1.0496,-1
-1.0028,0.99976,0.97833,1
0.96766,0.94575,1.0404,-1
1.0014,-1.0022,-1.0369,-1
-0.95217,1.054,1.027,1
-1.0146,-1.0343,-1.041,1
0.9975,-0.99077,1.0181,-1
1.0237,-0.94001,1.0066,-1
-0.95564,1.0195,-1.0634,1
1.0257,1.0002,-1.0014,1
0.93846,-0.96213,-1.0647,-1
-0.97398,-0.95073,-0.94773,1
-1.0111,-0.94447,-0.96988,1
1.0001,-1.0006,0.99947,-1
-0.97187,0.95216,-1.0701,1
-0.95127,0.97973,-1.0538,1
-1.0139,-0.99813,0.99062,1
1.0434,-0.93141,1.0011,-1
1.0388,0.94812,1.0463,-1
-1.0385,-1.0599,0.94173,1
-1.002,1.0335,-0.91218,1
1.0657,-0.99942,0.96603,-1
0.9408,1.0024,1.0779,-1
0.95257,0.97387,0.93998,-1
-1.0019,1.0027,0.99027,1
1.0551,1.0321,-0.97249,1
0.98329,-0.94322,-1.0154,-1
0.98636,-1.0303,-0.9798,-1
-0.98324,-0.98439,-1.0913,1
-0.99351,-1.0091,1.0077,1
-0.92941,1.0093,1.0549,1
-0.96176,0.97307,0.96072,1
-0.99771,0.95714,1.0467,1
1.0273,1.0624,0.94897,-1
1.0827,-1.0126,0.97818,-1
0.99862,1.0041,0.93867,-1
-1.0474,0.96909,1.0801,1
0.97682,1.0284,1.0596,-1
-1.0415,-1.0282,-1.0351,1
-0.96064,-1.0284,-1.0107,1
-0.95116,-1.0171,0.99664,1
1.001,0.99811,-0.99761,1
0.97893,-1.0853,1.0053,-1
1.0032,-0.9885,1.0117,-1
1.0224,1.001,-0.97831,1
-1.011,-0.98974,0.92033,1
1.0094,-1.0038,1.0261,-1
-1.0507,0.96205,0.95352,1
0.91083,-1.0246,1.0028,-1
0.99753,0.99439,1.0256,-1
1.0075,0.94807,-0.94435,1
-1.0228,1.0555,-0.99573,1
-1.0185,0.96933,1.0511,1
-0.97932,0.99103,-1.0031,1
-1.0,0.99995,-0.99669,1
-1.0055,-0.98843,-0.99288,1
-0.99816,0.99378,0.98382,1
1.0352,-0.98814,-1.0702,-1
0.99993,1.0007,-0.99457,1
-0.99995,1.0001,-1.0001,1
-0.90363,1.0045,-0.97594,1
0.98915,-1.0051,0.97107,-1
0.98316,-0.99174,-0.98711,-1
-1.0129,0.94111,1.0668,1
0.98304,0.9494,1.045,-1
-0.99485,-1.0183,-0.98146,1
0.99874,-1.0097,-1.0604,-1
-1.0096,1.0039,1.0015,1
-0.99213,0.98042,-1.048,1
-1.0195,-1.0089,-1.0303,1
0.99806,-0.99746,1.025,-1
-1.0016,-1.0036,-1.0202,1
-0.9553,0.98481,0.96732,1
0.98954,-0.99334,1.0924,-1
-0.96636,-0.97664,1.0786,1
0.96312,0.96422,1.0147,-1
0.94405,-0.98018,-0.9527,-1
1.0056,-1.0081,-1.0012,-1
-1.0492,1.0191,1.0847,1
-1.0714,0.95928,-0.97029,1
1.0344,-0.97875,-1.014,-1
0.99794,-1.0645,1.0576,-1
-0.99644,0.98813,1.0368,1
-1.0038,1.0003,0.97955,1
-1.0003,-0.99657,-0.94481,1
1.0241,1.0007,1.0249,-1
-1.0005,-1.0117,1.013,1
-1.0429,-1.0051,-0.983,1
-1.0052,-1.0032,-1.0051,1
-0.96656,1.0009,-0.91382,1
0.99268,-0.99019,-0.992,-1
0.94666,0.95975,-0.95953,1
1.0613,-1.0405,1.0222,-1
-1.0099,0.985,0.93167,1
-0.96858,-0.98792,-0.97761,1
-0.99362,-0.99995,-0.97791,1
-0.99948,-0.98777,-1.0065,1
1.0413,-0.95515,0.99508,-1
-0.97814,0.94983,1.0321,1
-1.0222,0.97308,1.0225,1
0.99974,-1.0028,-0.99707,-1
0.93222,1.0419,0.96931,-1
1.01,0.99632,-1.0518,1
1.0091,0.99319,0.95989,-1
-0.93252,0.94085,1.0162,1
0.99849,1.0322,-1.0436,1
-0.929,0.96225,0.97146,1
1.0269,-1.0736,1.0438,-1
0.99816,-0.99313,0.968,-1
-0.97986,0.977,0.98641,1
-1.0056,0.99088,0.90962,1
0.95875,-1.0349,-0.98876,-1
-1.0115,1.0168,0.98478,1
-1.0312,1.0115,1.0409,1
1.0639,0.948,1.032,-1
1.0102,1.0154,-0.99565,1
0.97,-0.93969,1.0135,-1
-1.0204,-1.0226,-0.98052,1
1.0298,-0.98767,0.91492,-1
-1.0044,0.99923,-0.98775,1
-1.0213,-0.98813,-1.0294,1
1.0179,-1.076,0.96586,-1
-1.0125,-1.0142,-1.0674,1
-0.98584,-0.98566,-0.91359,1
-1.0677,-1.0032,-0.95853,1
